id,domain,url
1,https://www.bewakoof.com/,https://www.bewakoof.com/women-pants
2,https://www.bewakoof.com/,https://www.bewakoof.com/iphone-13-pro-max-back-covers-cases
3,https://www.bewakoof.com/,https://www.bewakoof.com/women-new-arrivals-collection
4,https://www.bewakoof.com/,https://www.bewakoof.com/superman-merchandise
5,https://www.bewakoof.com/,https://www.bewakoof.com/women-dresses
6,https://www.bewakoof.com/,https://www.bewakoof.com/sitemap
7,https://www.bewakoof.com/,https://www.bewakoof.com/mobile-covers-india/xiaomi-cases-back-covers
8,https://www.bewakoof.com/,https://www.bewakoof.com/women-nightwear
9,https://www.bewakoof.com/,https://www.bewakoof.com/orders?status=returned
10,https://www.bewakoof.com/,https://www.bewakoof.com/women-wide-leg-jeans
11,https://www.bewakoof.com/,https://www.bewakoof.com/oversized-t-shirts-for-men
12,https://www.bewakoof.com/,https://www.bewakoof.com/joker-merchandise
13,https://www.bewakoof.com/,https://www.bewakoof.com/track-pants-for-women
14,https://www.bewakoof.com/,https://www.bewakoof.com/star-wars-merchandise
15,https://www.bewakoof.com/,https://www.bewakoof.com/men-t-shirts
16,https://www.bewakoof.com/,https://www.bewakoof.com/women-flip-flops
17,https://www.bewakoof.com/,https://www.bewakoof.com/cargo-joggers-for-men
18,https://www.bewakoof.com/,https://www.bewakoof.com/fanbook-testimonial-reviews
19,https://www.bewakoof.com/,https://www.bewakoof.com/white-t-shirts-for-men
20,https://www.bewakoof.com/,https://www.bewakoof.com/mobile-covers-india/realme-cases-back-covers
21,https://www.bewakoof.com/,https://www.bewakoof.com/iphone-14-back-covers-cases
22,https://www.bewakoof.com/,https://www.bewakoof.com/women-joggers-sweatpants
23,https://www.bewakoof.com/,https://www.bewakoof.com/careers
24,https://www.bewakoof.com/,https://twitter.com/bewakoof
25,https://www.bewakoof.com/,https://www.bewakoof.com/men-joggers
26,https://www.bewakoof.com/,https://www.bewakoof.com/small-backpacks
27,https://www.bewakoof.com/,https://itunes.apple.com/in/app/bewakoof/id1100190514?mt=8
28,https://www.bewakoof.com/,https://www.bewakoof.com/privacy-policy-and-disclaimer
29,https://www.bewakoof.com/,https://www.bewakoof.com/plus-size-store-for-men
30,https://www.bewakoof.com/,https://www.facebook.com/bewakoofcom
31,https://www.bewakoof.com/,https://www.bewakoof.com/men-new-arrivals-collection
32,https://www.bewakoof.com/,https://www.bewakoof.com/women-boxer-shorts
33,https://www.bewakoof.com/,https://www.bewakoof.com/mobile-covers-india/samsung-cases-back-covers
34,https://www.bewakoof.com/,https://www.bewakoof.com/mobile-covers-india/apple-cases-back-covers
35,https://www.bewakoof.com/,https://www.bewakoof.com/women-clothing
36,https://www.bewakoof.com/,https://www.bewakoof.com/men-shirts
37,https://www.bewakoof.com/,https://www.bewakoof.com/women-sliders
38,https://www.bewakoof.com/,https://www.bewakoof.com/men-hoodies-sweatshirts
39,https://www.bewakoof.com/,https://www.bewakoof.com/men-boxer-shorts
40,https://www.bewakoof.com/,https://www.bewakoof.com/batman-merchandise
41,https://www.bewakoof.com/,https://www.bewakoof.com/design-of-the-day
42,https://www.bewakoof.com/,https://www.bewakoof.com/half-sleeve-t-shirts-for-men
43,https://www.bewakoof.com/,https://www.bewakoof.com/women-co-ord-sets
44,https://www.bewakoof.com/,https://www.bewakoof.com/women-tank-tops
45,https://www.bewakoof.com/,https://www.bewakoof.com/bags
46,https://www.bewakoof.com/,https://www.bewakoof.com/men-tank-tops
47,https://www.bewakoof.com/,https://www.bewakoof.com/official-collaborations-collection
48,https://www.bewakoof.com/,https://www.bewakoof.com/men-pants
49,https://www.bewakoof.com/,https://www.bewakoof.com/men-sliders
50,https://www.bewakoof.com/,https://www.bewakoof.com/marvel-merchandise
51,https://www.bewakoof.com/,https://www.bewakoof.com/login?src=/
52,https://www.bewakoof.com/,https://www.bewakoof.com/
53,https://www.bewakoof.com/,https://www.bewakoof.com/women-hoodies-sweatshirts
54,https://www.bewakoof.com/,https://www.bewakoof.com/womens-denims
55,https://www.bewakoof.com/,https://www.bewakoof.com/men-flip-flops
56,https://www.bewakoof.com/,https://www.bewakoof.com/crew-neck-t-shirts-for-men
57,https://www.bewakoof.com/,https://www.bewakoof.com/men-plain-t-shirts
58,https://www.bewakoof.com/,https://www.bewakoof.com/men-full-sleeve-t-shirts
59,https://www.bewakoof.com/,https://www.bewakoof.com/women-3-4-sleeve-t-shirts
60,https://www.bewakoof.com/,https://www.bewakoof.com/fashion-tops
61,https://www.bewakoof.com/,https://www.bewakoof.com/plus-size-store-for-women
62,https://www.bewakoof.com/,https://www.bewakoof.com/women-kurtas
63,https://www.bewakoof.com/,https://www.bewakoof.com/iphone-13-pro-back-covers-cases
64,https://www.bewakoof.com/,https://www.bewakoof.com/campaign/delights-coupons-discounts-offers-sale
65,https://www.bewakoof.com/,https://www.bewakoof.com/wishlist
66,https://www.bewakoof.com/,https://www.bewakoof.com/men-shorts
67,https://www.bewakoof.com/,https://www.bewakoof.com/mobile-covers-india/oppo-cases-back-covers
68,https://www.bewakoof.com/,https://www.bewakoof.com/cart
69,https://www.bewakoof.com/,https://www.bewakoof.com/womens-combo-t-shirt
70,https://www.bewakoof.com/,https://www.bewakoof.com/contact-us/order-delivery-payment
71,https://www.bewakoof.com/,https://www.snapchat.com/add/bewakoof_tv
72,https://www.bewakoof.com/,https://www.instagram.com/bewakoofofficial/
73,https://www.bewakoof.com/,https://www.bewakoof.com/plus-size-t-shirts-for-men
74,https://www.bewakoof.com/,https://www.bewakoof.com/top-wear-for-men
75,https://www.bewakoof.com/,https://www.bewakoof.com/track-pants-for-men
76,https://www.bewakoof.com/,https://www.bewakoof.com/mobile-covers-india/poco-cases-back-covers
77,https://www.bewakoof.com/,https://www.bewakoof.com/men-nightwear
78,https://www.bewakoof.com/,https://www.bewakoof.com/contact-us
79,https://www.bewakoof.com/,https://www.bewakoof.com/cargo-pants-for-women
80,https://www.bewakoof.com/,https://www.bewakoof.com/men-pajamas
81,https://www.bewakoof.com/,https://www.bewakoof.com/iphone-14-plus-back-covers-cases
82,https://www.bewakoof.com/,https://www.bewakoof.com/men-sweaters
83,https://www.bewakoof.com/,https://www.bewakoof.com/men-clothing
84,https://www.bewakoof.com/,https://www.bewakoof.com/mobile-covers-india/vivo-cases-back-covers
85,https://www.bewakoof.com/,https://www.bewakoof.com/avengers-merchandise
86,https://www.bewakoof.com/,https://www.bewakoof.com/polo-t-shirts-for-men
87,https://www.bewakoof.com/,https://www.pinterest.com/bewakoof/
88,https://www.bewakoof.com/,https://www.bewakoof.com/men-bottom-wear-collection
89,https://www.bewakoof.com/,https://www.bewakoof.com/jeggings-for-women
90,https://www.bewakoof.com/,https://www.bewakoof.com/women-shorts
91,https://www.bewakoof.com/,https://play.google.com/store/apps/details?id=com.bewakoof.bewakoof&hl=en
92,https://www.bewakoof.com/,https://www.bewakoof.com/mens-innerwear
93,https://www.bewakoof.com/,https://www.bewakoof.com/bottom-wear-for-women
94,https://www.bewakoof.com/,https://www.bewakoof.com/mobile-covers-india
95,https://www.bewakoof.com/,https://www.bewakoof.com/contact-us/refund-or-return
96,https://www.bewakoof.com/,https://www.bewakoof.com/orders
97,https://www.bewakoof.com/,https://www.bewakoof.com/top-wear-for-women
98,https://www.bewakoof.com/,https://www.bewakoof.com/men-vests
99,https://www.bewakoof.com/,https://www.bewakoof.com/women-t-shirts
100,https://www.bewakoof.com/,https://www.bewakoof.com/men-jackets
101,https://www.bewakoof.com/,https://www.bewakoof.com/disney-merchandise
102,https://www.bewakoof.com/,https://www.bewakoof.com/women-pajamas
103,https://www.bewakoof.com/,https://www.bewakoof.com/mens-combo-t-shirt
104,https://www.bewakoof.com/,https://www.bewakoof.com/laptop-bags
105,https://www.bewakoof.com/,https://www.bewakoof.com/men-printed-tshirts
106,https://www.bewakoof.com/,https://www.bewakoof.com/men-sweatpants
107,https://www.bewakoof.com/,https://www.bewakoof.com/about-us/our-story
108,https://www.bewakoof.com/,https://www.bewakoof.com/mens-denim
109,https://www.bewakoof.com/,https://www.bewakoof.com/terms-and-conditions
110,https://www.bewakoof.com/,https://www.bewakoof.com/mobile-covers-india/oneplus-cases-back-covers
111,https://www.gyros.farm/,https://www.gyros.farm/#Slide-template--22540615811380__slideshow-2
112,https://www.gyros.farm/,https://www.gyros.farm/#Slide-template--22540615811380__16ad7f21-0a7a-4207-8b53-4cb881ea2e36-2
113,https://www.gyros.farm/,https://www.gyros.farm/collections/a2-cow-ghee-bilona-churned-made-from-curd
114,https://www.gyros.farm/,https://www.gyros.farm/products/cold-pressed-black-mustard-oil
115,https://www.gyros.farm/,https://www.gyros.farm/pages/existing-real-life-stories
116,https://www.gyros.farm/,https://www.gyros.farm/pages/health-and-food
117,https://www.gyros.farm/,https://www.gyros.farm/pages/franchise
118,https://www.gyros.farm/,https://www.gyros.farm/collections/combos
119,https://www.gyros.farm/,https://www.gyros.farm/collections/supersaver-deals
120,https://www.gyros.farm/,https://shopify.com/76435489076/account?locale=en&region_country=IN
121,https://www.gyros.farm/,https://www.gyros.farm/products/winter-special-stone-pressed-coconut-oil-jar
122,https://www.gyros.farm/,https://www.gyros.farm/policies/shipping-policy
123,https://www.gyros.farm/,https://www.gyros.farm/cart
124,https://www.gyros.farm/,https://twitter.com/Gyros_Farm
125,https://www.gyros.farm/,https://www.gyros.farm/collections/all-products
126,https://www.gyros.farm/,https://www.gyros.farm/blogs/news
127,https://www.gyros.farm/,https://www.gyros.farm/pages/career
128,https://www.gyros.farm/,https://www.gyros.farm/products/desi-cow-a2-ghee-bilona-churned-made-from-curd
129,https://www.gyros.farm/,https://www.gyros.farm/#Slide-template--22540615811380__16ad7f21-0a7a-4207-8b53-4cb881ea2e36-3
130,https://www.gyros.farm/,https://www.gyros.farm/products/a2-gir-cow-ghee-bilona-churned-made-from-curd
131,https://www.gyros.farm/,https://www.gyros.farm/collections/spices
132,https://www.gyros.farm/,https://www.shopify.com?utm_campaign=poweredby&utm_medium=shopify&utm_source=onlinestore
133,https://www.gyros.farm/,https://www.gyros.farm/pages/collaborate-with-us
134,https://www.gyros.farm/,https://www.gyros.farm/blogs/news/sustainability-and-cold-pressed-oils-how-eco-friendly-practices-make-a-difference
135,https://www.gyros.farm/,https://www.facebook.com/gyrosfarm?mibextid=ZbWKwL
136,https://www.gyros.farm/,https://www.gyros.farm/products/stone-pressed-black-sesame-oil
137,https://www.gyros.farm/,https://www.gyros.farm/collections/all
138,https://www.gyros.farm/,https://www.gyros.farm/#Slide-template--22540615811380__slideshow-4
139,https://www.gyros.farm/,https://www.gyros.farm/products/masala-king-combo-hand-stone-grounded-haldi-powder-mirchi-powder-dhaniya-powder-200gm-each
140,https://www.gyros.farm/,https://www.gyros.farm/products/hand-stone-grounded-dhaniya-powder-unprocessed-200gm-chemical-free
141,https://www.gyros.farm/,https://www.gyros.farm/pages/work-with-farmers
142,https://www.gyros.farm/,https://www.gyros.farm/#Slide-template--22540615811380__slideshow-3
143,https://www.gyros.farm/,https://www.gyros.farm/products/a2-sahiwal-cow-ghee-bilona-churned-made-from-curd
144,https://www.gyros.farm/,https://www.gyros.farm/#Slide-template--22540615811380__16ad7f21-0a7a-4207-8b53-4cb881ea2e36-4
145,https://www.gyros.farm/,https://www.gyros.farm/policies/refund-policy
146,https://www.gyros.farm/,https://www.gyros.farm/products/yellow-mustard-oil
147,https://www.gyros.farm/,https://www.gyros.farm/#Slide-template--22540615811380__slideshow-1
148,https://www.gyros.farm/,https://www.gyros.farm/products/cold-pressed-sesame-oil
149,https://www.gyros.farm/,https://www.gyros.farm/pages/collaboration
150,https://www.gyros.farm/,https://www.gyros.farm/blogs/news/the-secret-behind-gyros-farms-superior-cold-pressed-oils-quality-from-seed-to-bottle
151,https://www.gyros.farm/,https://www.gyros.farm/pages/farmers-book
152,https://www.gyros.farm/,https://www.gyros.farm/products/cold-pressed-coconut-oil
153,https://www.gyros.farm/,https://www.gyros.farm/policies/privacy-policy
154,https://www.gyros.farm/,https://www.youtube.com/@gyros.farmindia
155,https://www.gyros.farm/,https://www.gyros.farm/blogs/news/spice-up-your-kitchen-everything-you-need-to-know-about-turmeric-dhaniya-and-mirchi-powders
156,https://www.gyros.farm/,https://www.gyros.farm/pages/terms-and-conditions
157,https://www.gyros.farm/,https://www.gyros.farm/products/stone-cold-pressed-almond-coconut-castor-oil-combo-100ml-each-unfiltered-unfiltered-glass-bottles
158,https://www.gyros.farm/,https://www.gyros.farm/pages/cold-pressed-oil-in-gurgaon
159,https://www.gyros.farm/,https://www.gyros.farm/pages/contact
160,https://www.gyros.farm/,https://www.gyros.farm/pages/bulk-purchase-exports
161,https://www.gyros.farm/,https://www.gyros.farm/products/stone-cold-pressed-groundnut-oil
162,https://www.gyros.farm/,https://www.gyros.farm/#MainContent
163,https://www.gyros.farm/,https://www.gyros.farm/collections/stone-cold-pressed-oil
164,https://www.gyros.farm/,https://www.gyros.farm/
165,https://www.gyros.farm/,https://www.gyros.farm/collections/top-selling-product
166,https://www.gyros.farm/,https://www.instagram.com/gyrosfarm/
167,https://www.gyros.farm/,https://www.gyros.farm/#Slide-template--22540615811380__16ad7f21-0a7a-4207-8b53-4cb881ea2e36-1
168,https://www.gyros.farm/,https://www.gyros.farm/products/almond-oil-stone-wood-pressed-oil-unfiltered-premium-unadulterated-chemical-free-product
169,https://www.gyros.farm/,https://www.gyros.farm/policies/terms-of-service
170,https://www.gyros.farm/,https://www.gyros.farm/collections/a2-cow-ghee-bilona-churned-made-from-curd/Ghee+Cow-Ghee+A2-Cow-Ghee
171,https://www.flipkart.com,https://www.flipkart.com/samsung-galaxy-s24-5g-amber-yellow-256-gb/p/itmebc700bb8d159?otracker=undefined_footer
172,https://www.flipkart.com,https://www.flipkart.com/samsung-galaxy-book3-core-i7-13th-gen-16-gb-512-gb-ssd-windows-11-home-thin-light-laptop/p/itmf5efb3b1c35fa?otracker=undefined_footer
173,https://www.flipkart.com,https://www.flipkart.com/realme-c53-champion-gold-128-gb/p/itm5df90168ecd05?otracker=undefined_footer
174,https://www.flipkart.com,https://www.flipkart.com/realme-14-pro-5g-pearl-white-256-gb/p/itmb5105a70ea6a6?otracker=undefined_footer
175,https://www.flipkart.com,https://www.flipkart.com/realme-10-pro-5g-dark-matter-128-gb/p/itm1e672d12a252e?otracker=undefined_footer
176,https://www.flipkart.com,https://www.flipkart.com/oppo-reno7-pro-5g-startrails-blue-256-gb/p/itm9a6b0ca45fe90?otracker=undefined_footer
177,https://www.flipkart.com,https://www.flipkart.com/samsung-galaxy-s23-5g-phantom-black-256-gb/p/itm347e695feffe7?otracker=undefined_footer
178,https://www.flipkart.com,https://www.flipkart.com/apple-2022-macbook-pro-m2-8-gb-256-gb-ssd-mac-os-monterey-mneh3hn-a/p/itmaea892f7dd66e?otracker=undefined_footer
179,https://www.flipkart.com,https://www.flipkart.com/oppo-find-x8-5g-space-black-512-gb/p/itm0e193d19d23ff?otracker=undefined_footer
180,https://www.flipkart.com,https://www.flipkart.com/samsung-galaxy-s25-plus-5g-silver-shadow-512-gb/p/itmab25415a98d9f?otracker=undefined_footer
181,https://www.flipkart.com,https://www.flipkart.com/realme-12-5g-navigator-beige-128-gb/p/itmaf084e49c78e2?otracker=undefined_footer
182,https://www.flipkart.com,https://www.flipkart.com/nothing-phone-1-black-128-gb/p/itmeea53a564de47?otracker=undefined_footer
183,https://www.flipkart.com,https://www.flipkart.com/samsung-galaxy-z-fold5-phantom-black-512-gb/p/itm4d14abce6dc2f?otracker=undefined_footer
184,https://www.flipkart.com,https://www.flipkart.com/vivo-y15-aqua-blue-64-gb/p/itmfgadf77s87w8x?otracker=undefined_footer
185,https://www.flipkart.com,https://www.flipkart.com/poco-c65-matte-black-128-gb/p/itm8ea3d87aa6c0c?otracker=undefined_footer
186,https://www.flipkart.com,https://www.flipkart.com/motorola-g64-5g-ambrosia-128-gb/p/itm6dfa6fef0e50a?otracker=undefined_footer
187,https://www.flipkart.com,https://www.flipkart.com/apple-iphone-12-white-64-gb/p/itm8b88bdc03cd79?otracker=undefined_footer
188,https://www.flipkart.com,https://www.flipkart.com/poco-x7-5g/p/itm638304f590e26?otracker=undefined_footer
189,https://www.flipkart.com,https://www.flipkart.com/apple-iphone-15-black-128-gb/p/itm6ac6485515ae4?otracker=undefined_footer
190,https://www.ajio.com/,https://luxe.ajio.com
191,https://www.ajio.com/,https://www.ajio.com/s/hi-attitude-4042-53541
192,https://www.ajio.com/,https://www.ajio.com/s/trending-best-sellers-5695-50831
193,https://www.ajio.com/,https://www.ajio.com/s/serum-5260-44721
194,https://www.ajio.com/,https://www.ajio.com/men-shirts/c/830216013
195,https://www.ajio.com/,https://www.ajio.com/s/quilt-and-duvet-covers-4720-51871
196,https://www.ajio.com/,https://www.ajio.com/s/clocks-4720-51871
197,https://www.ajio.com/,https://www.ajio.com/c/830316
198,https://www.ajio.com/,https://www.ajio.com/s/adidas-4042-45201
199,https://www.ajio.com/,https://www.ajio.com/s/precious-jewellery-4119-63402
200,https://www.ajio.com/,https://www.ajio.com/s/united-colors-of-benetton-2022
201,https://www.ajio.com/,https://www.ajio.com/s/maternity-wear-4916-47151
202,https://www.ajio.com/,https://www.ajio.com/s/min-30-percent-off-5686-4751
203,https://www.ajio.com/,https://www.ajio.com/women-shrugs-jackets/c/830316011
204,https://www.ajio.com/,https://www.ajio.com/s/vero-moda-5061-69371
205,https://www.ajio.com/,https://www.ajio.com/s/make-up-4508-64721
206,https://www.ajio.com/,https://www.ajio.com/s/up-to-60-percent-off-4445-76181
207,https://www.ajio.com/,https://www.ajio.com/b/nike
208,https://www.ajio.com/,https://www.ajio.com/toys%20&%20baby%20care-soft-toys/c/831101010
209,https://www.ajio.com/,https://www.ajio.com/s/woodland-3452-51621
210,https://www.ajio.com/,https://www.ajio.com/s/zaveri-pearls-4042-53541
211,https://www.ajio.com/,https://www.ajio.com/s/hamleys-5078-72841
212,https://www.ajio.com/,https://www.ajio.com/men-jackets-coats/c/830216010
213,https://www.ajio.com/,https://www.ajio.com/s/min-30-percent-off-5686-4752
214,https://www.ajio.com/,https://www.ajio.com/b/dnmx
215,https://www.ajio.com/,https://www.ajio.com/women-flat-sandals/c/830307002
216,https://www.ajio.com/,https://www.ajio.com/s/footwear-4792-56591
217,https://www.ajio.com/,https://www.ajio.com/b/adidas
218,https://www.ajio.com/,https://www.ajio.com/b/gap
219,https://www.ajio.com/,https://www.ajio.com/b/forest-essentials
220,https://www.ajio.com/,https://www.ajio.com/s/good-homes-4720-51871
221,https://www.ajio.com/,https://www.ajio.com/s/min-60-percent-off-5705-74721
222,https://www.ajio.com/,https://www.ajio.com/s/min-40-percent-off-5686-46389
223,https://www.ajio.com/,https://www.ajio.com/women-fashion-jewellery/c/830305
224,https://www.ajio.com/,https://www.ajio.com/s/bells-and-wind-chimes-4720-51871
225,https://www.ajio.com/,https://www.ajio.com/s/spray-mist-5260-44721
226,https://www.ajio.com/,https://www.ajio.com/home
227,https://www.ajio.com/,https://www.ajio.com/c/rangriti-at-flat-65-percent-5703-95831?ref=cmsBanner&sourcePage=jio ads lp&jioAdsSource=jioads - RANGRITI - 4464_116450_128559_313943_1_9capvhby97_647279707
228,https://www.ajio.com/,https://www.ajio.com/s/tools-5260-44721
229,https://www.ajio.com/,https://www.ajio.com/women-panties/c/830311005
230,https://www.ajio.com/,https://www.ajio.com/s/hair-color-5260-44721
231,https://www.ajio.com/,https://www.ajio.com/s/ray-ban-4042-45201
232,https://www.ajio.com/,https://www.ajio.com/s/raymond-home-4720-51871
233,https://www.ajio.com/,https://www.ajio.com/s/fengshui-4720-51871
234,https://www.ajio.com/,https://www.ajio.com/b/puma
235,https://www.ajio.com/,https://www.ajio.com/s/diwali-collection-for-men-5534-72431
236,https://www.ajio.com/,https://www.ajio.com/s/brand-puma
237,https://www.ajio.com/,https://www.ajio.com/s/aks-4426-25761
238,https://www.ajio.com/,https://www.ajio.com/s/shorts-three-fourths-under-699
239,https://www.ajio.com/,https://www.ajio.com/s/armani-exchange-4042-53541
240,https://www.ajio.com/,https://www.ajio.com/s/footwear-4461-74581
241,https://www.ajio.com/,https://www.ajio.com/s/men-french-connection-4390-76941
242,https://www.ajio.com/,https://www.ajio.com/s/rugs-carpets-and-mats-4720-51871
243,https://www.ajio.com/,https://www.ajio.com/s/laundry-baskets-and-dryers-4720-51871
244,https://www.ajio.com/,https://www.ajio.com/women-heeled-sandals/c/830307003
245,https://www.ajio.com/,https://www.ajio.com/s/men-levis-4390-76941
246,https://www.ajio.com/,https://www.ajio.com/c/8312
247,https://www.ajio.com/,https://www.ajio.com/s/0-to-2-years-4867-45972
248,https://www.ajio.com/,https://www.ajio.com/women-dress-material/c/830303004
249,https://www.ajio.com/,https://www.ajio.com/s/uhpfeb15-upto-40-percent-off-5702-53471
250,https://www.ajio.com/,https://www.ajio.com/women-heeled-shoes/c/830307009
251,https://www.ajio.com/,https://www.ajio.com/cart
252,https://www.ajio.com/,https://www.ajio.com/s/men-kurtas-and-shirts-4390-76941
253,https://www.ajio.com/,https://www.ajio.com/offer-phonepe-page
254,https://www.ajio.com/,https://www.ajio.com/s/superdry-3483-6296
255,https://www.ajio.com/,https://www.ajio.com/s/eyeliner-and-kajals-5260-44721
256,https://www.ajio.com/,https://www.ajio.com/s/women-superdry-4390-76941
257,https://www.ajio.com/,https://www.ajio.com/s/homesake-4720-51871
258,https://www.ajio.com/,https://www.ajio.com/s/e-craft-india-4720-51871
259,https://www.ajio.com/,https://www.ajio.com/s/indie-picks-5159-48611
260,https://www.ajio.com/,https://www.ajio.com/women-trousers-pants/c/830316006
261,https://www.ajio.com/,https://www.ajio.com/s/min-50-percent-off-5705-74722
262,https://www.ajio.com/,https://www.ajio.com/s/boys-joggers-track-pants
263,https://www.ajio.com/,https://www.ajio.com/women-western-wear/c/830316
264,https://www.ajio.com/,https://www.ajio.com/s/only-5061-69371
265,https://www.ajio.com/,https://www.ajio.com/s/ellementry-5159-48611
266,https://www.ajio.com/,https://www.ajio.com/s/gas-3483-6296
267,https://www.ajio.com/,https://www.ajio.com/men-vests/c/830211006
268,https://www.ajio.com/,https://www.ajio.com/s/altheory-5063-37701
269,https://www.ajio.com/,https://www.ajio.com/s/boys-diwali-dresses-5538-73681
270,https://www.ajio.com/,https://www.ajio.com/s/min-30-percent-off-5686-46943
271,https://www.ajio.com/,https://www.ajio.com/women-blouses/c/830303007
272,https://www.ajio.com/,https://www.ajio.com/b/beardo
273,https://www.ajio.com/,https://www.ajio.com/s/uhp-upto-30-percent-off-5687-58261
274,https://www.ajio.com/,https://www.ajio.com/s/plum-5092-5251
275,https://www.ajio.com/,https://www.ajio.com/s/haus-&-kinder-5159-48611
276,https://www.ajio.com/,https://www.facebook.com/AJIOlife
277,https://www.ajio.com/,https://www.ajio.com/s/kitchen-organisers-4720-51871
278,https://www.ajio.com/,https://www.ajio.com/men-belts/c/830201007
279,https://www.ajio.com/,https://www.ajio.com/s/40-to-50-percent-off-5686-46381
280,https://www.ajio.com/,https://www.ajio.com/s/bath-towel-and-robes-4720-51871
281,https://www.ajio.com/,https://www.ajio.com/s/beauty-5269-65820
282,https://www.ajio.com/,https://www.ajio.com/s/50-to-70-percent-off-5686-46941
283,https://www.ajio.com/,https://www.ajio.com/men-shorts-3-4ths/c/830216002
284,https://www.ajio.com/,https://www.ajio.com/s/hometales-5159-48611
285,https://www.ajio.com/,https://www.ajio.com/s/silver-jewellery-4574-69091
286,https://www.ajio.com/,https://www.ajio.com/s/clarks-5061-69372
287,https://www.ajio.com/,https://www.ajio.com/b/crocs
288,https://www.ajio.com/,https://www.ajio.com/s/accessories-4792-56592
289,https://www.ajio.com/,https://www.ajio.com/b/superdry
290,https://www.ajio.com/,https://www.ajio.com/s/men-teamspirit-brand
291,https://www.ajio.com/,https://www.ajio.com/s/silver-jewellery-4574-69092
292,https://www.ajio.com/,https://www.ajio.com/women-sarees/c/830303008
293,https://www.ajio.com/,https://www.ajio.com/s/stoles-and-scarves-4606-64441
294,https://www.ajio.com/,https://www.ajio.com/women-bras/c/830311004
295,https://www.ajio.com/,https://www.ajio.com/s/ucb-kids
296,https://www.ajio.com/,https://www.ajio.com/s/body-wash-5260-44721
297,https://www.ajio.com/,https://www.ajio.com/s/girls-outerwear
298,https://www.ajio.com/,https://www.ajio.com/s/home-sizzler-4720-51871
299,https://www.ajio.com/,https://www.ajio.com/s/f-gear-4042-45201
300,https://www.ajio.com/,https://www.ajio.com/s/home-expressions-5412-67081
301,https://www.ajio.com/,https://www.ajio.com/s/teamindiajersey-103637?ref=cmsBanner&sourcePage=jio ads lp&jioAdsSource=jioads - ADIDAS - 4464_116450_128052_313407_1_9capvhby97_2856027466
302,https://www.ajio.com/,https://www.ajio.com/s/girls-dresses-frocks
303,https://www.ajio.com/,https://www.ajio.com/s/uhpfeb15-min-40-percent-off-5702-53475
304,https://www.ajio.com/,https://www.ajio.com/selfcare
305,https://www.ajio.com/,https://www.ajio.com/s/skin-care-essentials-5253-65691
306,https://www.ajio.com/,https://www.ajio.com/women-boots/c/830307006
307,https://www.ajio.com/,https://www.ajio.com/s/exclusivelane-4720-51871
308,https://www.ajio.com/,https://www.ajio.com/s/gold-and-diamond-jewellery-4469-70482
309,https://www.ajio.com/,https://www.ajio.com/s/random-4720-51871
310,https://www.ajio.com/,https://www.ajio.com/s/gold-and-silver-coins-4490-64441
311,https://www.ajio.com/,https://www.ajio.com/women-kurtis-tunics/c/830303012
312,https://www.ajio.com/,https://www.ajio.com/s/min-50-percent-off-5686-469411
313,https://www.ajio.com/,https://www.ajio.com/s/towel-sets-4720-51871
314,https://www.ajio.com/,https://www.ajio.com/women-salwars-churidars/c/830303002
315,https://www.ajio.com/,https://www.ajio.com/s/dhoti-5534-72431
316,https://www.ajio.com/,https://www.ajio.com/toys%20&%20baby%20care-role-pretend-play/c/831101008
317,https://www.ajio.com/,https://www.ajio.com/s/min-40-percent-off-5686-46388
318,https://www.ajio.com/,https://www.ajio.com/s/ramraj-dhoti-5534-72431
319,https://www.ajio.com/,https://www.ajio.com/s/lip-balm-5260-44721
320,https://www.ajio.com/,https://www.ajio.com/women-dresses/c/830316007
321,https://www.ajio.com/,https://www.ajio.com/s/min-50-percent-off-5705-74721
322,https://www.ajio.com/,https://www.ajio.com/s/denims-under-799
323,https://www.ajio.com/,https://www.ajio.com/women-track-pants/c/830316005
324,https://www.ajio.com/,https://www.ajio.com/b/pac
325,https://www.ajio.com/,https://www.ajio.com/s/latest-collections-4461-75481
326,https://www.ajio.com/,https://www.ajio.com/s/toys-5146-50901
327,https://www.ajio.com/,https://www.ajio.com/s/na-kd-5061-69371
328,https://www.ajio.com/,https://www.ajio.com/s/sale-number-1-5624-76591
329,https://www.ajio.com/,https://www.ajio.com/return-refund-policy
330,https://www.ajio.com/,https://www.ajio.com/s/showpieces-figurines-and-festive-gifts-4720-51871
331,https://www.ajio.com/,https://www.ajio.com/s/homez-sparrow-4720-51871
332,https://www.ajio.com/,https://www.ajio.com/s/0-to-2-years-4867-45971
333,https://www.ajio.com/,https://www.ajio.com/s/nirlon-5159-48611
334,https://www.ajio.com/,https://www.ajio.com/s/men-jack-and-jones-4390-76941
335,https://www.ajio.com/,https://www.ajio.com/s/co-ord-sets-5644-60414
336,https://www.ajio.com/,https://www.ajio.com/s/home-decor-4720-51871
337,https://www.ajio.com/,https://www.ajio.com/men-footwear/c/830207
338,https://www.ajio.com/,https://www.ajio.com/s/asos-5594-73121
339,https://www.ajio.com/,https://www.ajio.com/s/cookware-and-cutlrey-4720-51871
340,https://www.ajio.com/,https://www.ajio.com/s/placemats-and-coasters-4720-51871
341,https://www.ajio.com/,https://www.ajio.com/s/min-50-percent-off-5686-469414
342,https://www.ajio.com/,https://www.ajio.com/women-skirts-ghagras/c/830303003
343,https://www.ajio.com/,https://www.ajio.com/s/hailys-5061-69371
344,https://www.ajio.com/,https://www.ajio.com/s/teamspirit-4354-76871
345,https://www.ajio.com/,https://www.ajio.com/s/girls-tops-tshirts
346,https://www.ajio.com/,https://www.ajio.com/men-western-wear/c/830216
347,https://www.ajio.com/,https://www.ajio.com/s/women-lingerie-marks-spencer
348,https://www.ajio.com/,https://www.ajio.com/s/svrnaa-5063-37701
349,https://www.ajio.com/,https://www.ajio.com/infants/c/8304
350,https://www.ajio.com/,https://www.ajio.com/toys%20&%20baby%20care-infants-toys/c/831101006
351,https://www.ajio.com/,https://www.ajio.com/s/starting-at-rs-150-5686-4751
352,https://www.ajio.com/,https://www.ajio.com/s/kids-ajio-exclusives
353,https://www.ajio.com/,https://www.ajio.com/s/palazzos-5149-55061
354,https://www.ajio.com/,https://www.ajio.com/s/window-curtains-4720-51871
355,https://www.ajio.com/,https://www.ajio.com/s/min-40-percent-off-4445-76181
356,https://www.ajio.com/,https://www.ajio.com/s/concealer-5260-44721
357,https://www.ajio.com/,https://www.ajio.com/s/gap-5061-69372
358,https://www.ajio.com/,https://www.ajio.com/s/wall-shelves-4720-51871
359,https://www.ajio.com/,https://www.ajio.com/s/accessories-4792-56591
360,https://www.ajio.com/,https://www.ajio.com/s/religious-idols-4720-51871
361,https://www.ajio.com/,https://www.ajio.com/s/2-to-5-years-4867-45971
362,https://www.ajio.com/,https://www.ajio.com/s/new1000-5420-70901
363,https://www.ajio.com/,https://www.ajio.com/s/men-u-s-polo-assn-4390-76941
364,https://www.ajio.com/,https://www.ajio.com/shop/fresh-arrivals
365,https://www.ajio.com/,https://www.ajio.com/s/12-years-and-above-4867-45971
366,https://www.ajio.com/,https://www.ajio.com/s/jeans-under-1299-5148-69861
367,https://www.ajio.com/,https://www.ajio.com/women-night-lounge-wear/c/830313
368,https://www.ajio.com/,https://www.ajio.com/women-shirts/c/830316016
369,https://www.ajio.com/,https://azorte.ajio.com/s/min-70-percent-off-5686-46382
370,https://www.ajio.com/,https://www.ajio.com/s/heritage-of-india-4390-45131
371,https://www.ajio.com/,https://www.ajio.com/s/nail-care-5260-44721
372,https://www.ajio.com/,https://www.ajio.com/s/bed-linen-4720-51871
373,https://www.ajio.com/,https://www.ajio.com/s/comforters-4720-51871
374,https://www.ajio.com/,https://www.ajio.com/women-jumpsuits-playsuits/c/830316008
375,https://www.ajio.com/,https://www.ajio.com/s/uhpfeb15-shein-5702-53471
376,https://www.ajio.com/,https://www.ajio.com/s/min-40-percent-off-5686-46949
377,https://www.ajio.com/,https://www.ajio.com/men-jeans/c/830216001
378,https://www.ajio.com/,https://www.ajio.com/s/tom-tailor-5061-69371
379,https://www.ajio.com/,https://www.ajio.com/s/woodland-4042-45201
380,https://www.ajio.com/,https://www.ajio.com/s/men-trunks-boxers
381,https://www.ajio.com/,https://www.ajio.com/b/lavie
382,https://www.ajio.com/,https://www.ajio.com/s/kitchen-aprons-gloves-and-towel-4720-51871
383,https://www.ajio.com/,https://www.ajio.com/s/winter-skin-care-5257-74161
384,https://www.ajio.com/,https://www.ajio.com/b/peppermint
385,https://www.ajio.com/,https://www.ajio.com/s/triumph-4042-53541
386,https://www.ajio.com/,https://www.ajio.com/s/home-fragnance-4720-51871
387,https://www.ajio.com/,https://twitter.com/AJIOLife
388,https://www.ajio.com/,https://www.ajio.com/s/acai-5061-69371
389,https://www.ajio.com/,https://www.ajio.com/s/lamp-diyas-and-candle-4720-51871
390,https://www.ajio.com/,https://www.ajio.com/s/5-to-8-years-4867-45971
391,https://www.ajio.com/,https://www.ajio.com/s/pl-min-50-percent-off-5701-67983?ref=cmsBanner&sourcePage=jio ads lp&jioAdsSource=jioads - Snitch - 4464_116450_128558_313942_1_9capvhby97_1722978049
392,https://www.ajio.com/,https://www.ajio.com/ajio-careers
393,https://www.ajio.com/,https://www.ajio.com/s/lip-balm-5260-44722
394,https://www.ajio.com/,https://www.ajio.com/men-fashion-jewellery/c/830205
395,https://www.ajio.com/,https://www.ajio.com/s/women-skirts-and-shorts-3621-51391
396,https://www.ajio.com/,https://www.ajio.com/men-socks/c/830202002
397,https://www.ajio.com/,https://www.ajio.com/s/curve-size-5061-69371
398,https://www.ajio.com/,https://www.ajio.com/shop/sbi-co-branded
399,https://www.ajio.com/,https://www.ajio.com/s/kids-footwear-accessories
400,https://www.ajio.com/,https://www.ajio.com/s/boys-shirts
401,https://www.ajio.com/,https://tirabeauty.ajio.com/s/upto-50-percent-off-5705-751
402,https://www.ajio.com/,https://www.ajio.com/s/crocs
403,https://www.ajio.com/,https://www.ajio.com/s/sam-5282-60901
404,https://www.ajio.com/,https://www.ajio.com/
405,https://www.ajio.com/,https://www.ajio.com/s/table-napkins-4720-51871
406,https://www.ajio.com/,https://www.ajio.com/b/armani-exchange
407,https://www.ajio.com/,https://www.ajio.com/women-lingerie-innerwear/c/830311
408,https://www.ajio.com/,https://www.ajio.com/s/socks-and-stockings-4461-75481
409,https://www.ajio.com/,https://www.ajio.com/s/innerwear-and-sleepwear-4259-54861
410,https://www.ajio.com/,https://www.ajio.com/s/door-curtains-4720-51871
411,https://www.ajio.com/,https://www.ajio.com/s/holders-dispensers-and-soap-dish-4720-51871
412,https://www.ajio.com/,https://www.ajio.com/s/50-to-80-percent-off-5686-46942
413,https://www.ajio.com/,https://www.ajio.com/s/uhpfeb15-upto-45-percent-off-5702-53471
414,https://www.ajio.com/,https://www.ajio.com/s/bath-curtains-and-mats-4720-51871
415,https://www.ajio.com/,https://www.ajio.com/help/BrandListing
416,https://www.ajio.com/,https://www.ajio.com/s/jockey-women
417,https://www.ajio.com/,https://asos.ajio.com/s/asos-5561-61453
418,https://www.ajio.com/,https://www.ajio.com/s/hidesign-4042-53541
419,https://www.ajio.com/,https://www.ajio.com/s/appliances-5267-52631
420,https://www.ajio.com/,https://www.ajio.com/s/mens-footwear-under-1499
421,https://www.ajio.com/,https://www.ajio.com/women-bags-belts-wallets/c/830301
422,https://www.ajio.com/,https://www.ajio.com/s/whats-new-5267-54231
423,https://www.ajio.com/,https://www.ajio.com/women-ethnic-wear/c/830303
424,https://www.ajio.com/,https://www.ajio.com/s/gardening-and-planters-4720-51871
425,https://www.ajio.com/,https://www.ajio.com/s/men-watches-3991-40341
426,https://www.ajio.com/,https://www.ajio.com/s/dennislingo-premium-attire-5061-69371
427,https://www.ajio.com/,https://www.ajio.com/s/boys-shorts
428,https://www.ajio.com/,https://www.ajio.com/toys%20&%20baby%20care-school-supplies-book/c/831101009
429,https://www.ajio.com/,https://www.instagram.com/AJIOlife/
430,https://www.ajio.com/,https://www.ajio.com/s/woodland-5149-55061
431,https://www.ajio.com/,https://www.ajio.com/s/min-40-percent-off-5686-469411
432,https://www.ajio.com/,https://www.ajio.com/s/fyre-rose-5061-69371
433,https://www.ajio.com/,https://www.ajio.com/s/bolsters-4720-51871
434,https://www.ajio.com/,https://www.ajio.com/s/g-star-raw-4036-32911
435,https://www.ajio.com/,https://www.ajio.com/s/women-project-eve-brand-08012019
436,https://www.ajio.com/,https://www.ajio.com/women-casual-shoes/c/830307007
437,https://www.ajio.com/,https://www.ajio.com/s/u-s-polo-3530-80092
438,https://www.ajio.com/,https://www.ajio.com/s/min-70-percent-off-5705-74721
439,https://www.ajio.com/,https://www.ajio.com/s/nehru-jackets-5170-351
440,https://www.ajio.com/,https://www.ajio.com/s/mafatlal-5159-48611
441,https://www.ajio.com/,https://www.ajio.com/toys%20&%20baby%20care-creative-educational/c/831101003
442,https://www.ajio.com/,https://www.ajio.com/b/avaasa-mix-n-match
443,https://www.ajio.com/,https://www.ajio.com/b/biba
444,https://www.ajio.com/,https://www.ajio.com/s/clothing-4461-74581
445,https://www.ajio.com/,https://www.ajio.com/s/mascara-5260-44721
446,https://www.ajio.com/,https://www.ajio.com/s/plus-size-5061-69371
447,https://www.ajio.com/,https://www.ajio.com/s/new125-5518-71041
448,https://www.ajio.com/,https://www.ajio.com/women-shawls-wraps/c/830302006
449,https://www.ajio.com/,https://www.ajio.com/women-camisoles-slips/c/830311001
450,https://www.ajio.com/,https://www.ajio.com/s/pure-home-and-living-5159-48611
451,https://www.ajio.com/,https://www.ajio.com/s/women-fashion-accessories
452,https://www.ajio.com/,https://www.ajio.com/s/bianca-5159-48611
453,https://www.ajio.com/,https://www.ajio.com/s/alena-4042-53541
454,https://www.ajio.com/,https://www.ajio.com/s/kerala-sarees-5534-72431
455,https://www.ajio.com/,https://www.ajio.com/s/rio-4354-76871
456,https://www.ajio.com/,https://www.ajio.com/b/mini-klub
457,https://www.ajio.com/,https://www.ajio.com/s/hair-oil-5260-44721
458,https://www.ajio.com/,https://www.ajio.com/s/shaving-essentials-5260-44721
459,https://www.ajio.com/,https://www.ajio.com/s/men-puma-footwear-brand
460,https://www.ajio.com/,https://www.ajio.com/s/bedsheets-4720-51871
461,https://www.ajio.com/,https://www.ajio.com/s/levis-2019
462,https://www.ajio.com/,https://www.ajio.com/s/new500-5335-73681
463,https://www.ajio.com/,https://www.ajio.com/s/lacoste-5061-69371
464,https://www.ajio.com/,https://www.ajio.com/s/deodrants-5260-44722
465,https://www.ajio.com/,https://www.ajio.com/men-track-pants/c/830216003
466,https://www.ajio.com/,https://www.ajio.com/c/beauty-top-sellers-5260-82871
467,https://www.ajio.com/,https://www.ajio.com/b/nyrika
468,https://www.ajio.com/,https://www.ajio.com/s/bella-casa-4720-51871
469,https://www.ajio.com/,https://www.ajio.com/s/uhp-min-50-percent-off-5697-05623
470,https://www.ajio.com/,https://www.ajio.com/s/girls-collection-3844-11111
471,https://www.ajio.com/,https://www.ajio.com/s/fresh-arrivals-accessories-and-footwear-4111-71
472,https://www.ajio.com/,https://www.ajio.com/s/serveware-and-drinkware-4720-51871
473,https://www.ajio.com/,https://www.ajio.com/s/under-rs-499-5686-46382
474,https://www.ajio.com/,https://www.ajio.com/s/under-rs-699-5686-46381
475,https://www.ajio.com/,https://www.ajio.com/s/men-ucb-footwear
476,https://www.ajio.com/,https://www.ajio.com/shop/stores
477,https://www.ajio.com/,https://www.ajio.com/women-jeans-jeggings/c/830316001
478,https://www.ajio.com/,https://www.ajio.com/s/vases-4720-51871
479,https://www.ajio.com/,https://www.ajio.com/men-sneakers/c/830207010
480,https://www.ajio.com/,https://www.ajio.com/women-tops/c/830316017
481,https://www.ajio.com/,https://www.ajio.com/toys%20&%20baby%20care-action-figure-collect/c/831101001
482,https://www.ajio.com/,https://www.ajio.com/women-kurta-suit-sets/c/830303009
483,https://www.ajio.com/,https://www.ajio.com/s/girls-diwali-dresses-5538-73681
484,https://www.ajio.com/,https://www.ajio.com/s/hazel-5159-48611
485,https://www.ajio.com/,https://www.ajio.com/s/kitchen-4720-51871
486,https://www.ajio.com/,https://www.ajio.com/s/uhpfeb15-min-30-percent-off-5702-53473
487,https://www.ajio.com/,https://www.ajio.com/s/min-30-percent-off-5686-46945
488,https://www.ajio.com/,https://www.ajio.com/s/bichauna-5159-48611
489,https://www.ajio.com/,https://www.ajio.com/s/min-40-percent-off-5686-469412
490,https://www.ajio.com/,https://www.ajio.com/s/uhpfeb15-min-30-percent-off-5702-53472
491,https://www.ajio.com/,https://www.ajio.com/s/grooming-4384-57431
492,https://www.ajio.com/,https://www.ajio.com/s/foundation-5260-44721
493,https://www.ajio.com/,https://www.ajio.com/s/girls
494,https://www.ajio.com/,https://www.ajio.com/my-account/orders
495,https://www.ajio.com/,https://www.ajio.com/s/baby-care-5267-52631
496,https://www.ajio.com/,https://www.ajio.com/s/jockey-4042-45201
497,https://www.ajio.com/,https://www.ajio.com/s/dining-4720-51871
498,https://www.ajio.com/,https://www.ajio.com/b/whp-jewellers
499,https://www.ajio.com/,https://www.ajio.com/s/the-better-home-5159-48611
500,https://www.ajio.com/,https://www.ajio.com/s/beard-essentials-5260-44721
501,https://www.ajio.com/,https://www.ajio.com/s/conditioner-5260-44721
502,https://www.ajio.com/,https://www.ajio.com/s/hair-care-5267-54231
503,https://www.ajio.com/,https://www.ajio.com/s/wall-decor-4720-51871
504,https://www.ajio.com/,https://www.ajio.com/women-tshirts/c/830316018
505,https://www.ajio.com/,https://www.ajio.com/s/home-essentials-4720-62701
506,https://www.ajio.com/,https://www.ajio.com/s/fig-4354-76871
507,https://www.ajio.com/,https://www.ajio.com/s/buda-jeans-5061-69371
508,https://www.ajio.com/,https://www.ajio.com/s/fort-collins-5061-69371
509,https://www.ajio.com/,https://www.ajio.com/s/home-centre-4720-51871
510,https://www.ajio.com/,https://www.ajio.com/s/uhpfeb15-min-40-percent-off-5702-53474
511,https://www.ajio.com/,https://www.ajio.com/women-pants/c/830309002
512,https://www.ajio.com/,https://www.ajio.com/s/new-balance-5061-69371
513,https://www.ajio.com/,https://www.ajio.com/b/u-s-polo-assn-
514,https://www.ajio.com/,https://asos.ajio.com/s/asos-5561-61454
515,https://www.ajio.com/,https://www.ajio.com/s/bed-covers-4720-51871
516,https://www.ajio.com/,https://www.ajio.com/shop/international-brands
517,https://www.ajio.com/,https://www.ajio.com/s/min-60-percent-off-5698-60064?ref=cmsBanner&sourcePage=jio ads lp&jioAdsSource=jioads - Womenster - 4464_116450_128557_313941_1_9capvhby97_1673249111
518,https://www.ajio.com/,https://www.ajio.com/s/masks-5260-44721
519,https://www.ajio.com/,https://www.ajio.com/s/thermal-wear-4916-47151
520,https://www.ajio.com/,https://www.ajio.com/s/louis-philippe-5061-69371
521,https://www.ajio.com/,https://www.ajio.com/s/pillow-covers-4720-51871
522,https://www.ajio.com/,https://www.ajio.com/s/kids-fashion-shirts-under-599
523,https://www.ajio.com/,https://www.ajio.com/women-dupattas/c/830303005
524,https://www.ajio.com/,https://www.ajio.com/women-shirts-tops-tunic/c/830309010
525,https://www.ajio.com/,https://www.ajio.com/s/watches-4067-79511
526,https://www.ajio.com/,https://www.ajio.com/s/french-connection-5061-69371
527,https://www.ajio.com/,https://www.ajio.com/s/starting-at-rs-199-5705-74721
528,https://www.ajio.com/,https://www.ajio.com/women-jackets-coats/c/830316012
529,https://www.ajio.com/,https://www.ajio.com/women-footwear/c/830307
530,https://www.ajio.com/,https://www.ajio.com/men-caps-hats/c/830202001
531,https://www.ajio.com/,https://www.ajio.com/s/featured-brands-3844-11111
532,https://www.ajio.com/,https://www.ajio.com/s/market-99-5159-48611
533,https://www.ajio.com/,https://www.ajio.com/toys%20&%20baby%20care-toy-guns-accessories/c/831101012
534,https://www.ajio.com/,https://www.ajio.com/s/fusion-4678-50481
535,https://www.ajio.com/,https://www.ajio.com/s/dresses-under-499
536,https://www.ajio.com/,https://www.ajio.com/b/lotus
537,https://www.ajio.com/,https://www.ajio.com/s/body-scrub-5260-44721
538,https://www.ajio.com/,https://www.ajio.com/men-flip-flop-slippers/c/830207001
539,https://www.ajio.com/,https://www.ajio.com/s/table-linen-sets-4720-51871
540,https://www.ajio.com/,https://www.ajio.com/s/swayam-4720-51871
541,https://www.ajio.com/,https://www.ajio.com/reliance-sbi-tnc
542,https://www.ajio.com/,https://www.ajio.com/s/girls-leggings
543,https://www.ajio.com/,https://www.ajio.com/s/cleanser-5260-44721
544,https://www.ajio.com/,https://www.ajio.com/men-briefs/c/830211002
545,https://www.ajio.com/,https://www.ajio.com/s/min-50-percent-off-5686-469413
546,https://www.ajio.com/,https://www.ajio.com/s/calvin-klein-underwear-4042-45201
547,https://www.ajio.com/,https://www.ajio.com/s/trance-home-linen-5159-48611
548,https://www.ajio.com/,https://www.ajio.com/s/nike-4042-45201
549,https://www.ajio.com/,https://www.ajio.com/s/stationery-and-organisers-4720-61521
550,https://www.ajio.com/,https://www.ajio.com/s/arrabi-4720-51871
551,https://www.ajio.com/,https://www.ajio.com/s/mattress-protectors-4720-51871
552,https://www.ajio.com/,https://www.ajio.com/s/nike-4042-53542
553,https://www.ajio.com/,https://www.ajio.com/s/women-levis
554,https://www.ajio.com/,https://www.ajio.com/s/performax-4264-66871
555,https://www.ajio.com/,https://www.ajio.com/women-sweaters-cardigans/c/830316019
556,https://www.ajio.com/,https://www.ajio.com/s/up-to-80-percent-off-5686-46381
557,https://www.ajio.com/,https://www.ajio.com/help/termsAndCondition
558,https://www.ajio.com/,https://www.ajio.com/coupon-faq
559,https://www.ajio.com/,https://www.ajio.com/s/kids-crocs
560,https://www.ajio.com/,https://www.ajio.com/s/gap-5061-69371
561,https://www.ajio.com/,https://www.ajio.com/s/mens-grooming-4508-64721
562,https://www.ajio.com/,https://www.ajio.com/b/p-n-gadgil-jewellers
563,https://www.ajio.com/,https://www.ajio.com/s/boys
564,https://www.ajio.com/,https://www.ajio.com/s/under-rs-999-5686-4751
565,https://www.ajio.com/,https://www.ajio.com/women-dresses-gowns/c/830309004
566,https://www.ajio.com/,https://www.ajio.com/s/uhp-upto-50-percent-off-5687-58261
567,https://www.ajio.com/,https://www.ajio.com/s/accessories-4461-74581
568,https://www.ajio.com/,https://www.ajio.com/s/mila-baby-4355-48121
569,https://www.ajio.com/,https://www.ajio.com/b/caprese
570,https://www.ajio.com/,https://www.ajio.com/s/mhp-sunglasses-and-frames-4119-33682
571,https://www.ajio.com/,https://www.ajio.com/men-tshirts/c/830216014
572,https://www.ajio.com/,https://www.ajio.com/s/pl-min-70-percent-off-5701-67984?ref=cmsBanner&sourcePage=jio ads lp&jioAdsSource=jioads - Vooter - 4464_116450_128561_313945_1_9capvhby97_3142733362
573,https://www.ajio.com/,https://www.ajio.com/s/30-to-70-percent-off-5686-4751
574,https://www.ajio.com/,https://www.ajio.com/s/fresh-arrivals-clothing-for-kids-4111-71
575,https://www.ajio.com/,https://www.ajio.com/s/footwear-4792-56592
576,https://www.ajio.com/,https://www.ajio.com/s/indoor-fountains-4720-51871
577,https://www.ajio.com/,https://www.ajio.com/s/diesel-5061-69371
578,https://www.ajio.com/,https://www.ajio.com/s/kuber-industries-4720-51871
579,https://www.ajio.com/,https://www.ajio.com/s/perfumes-5260-44721
580,https://www.ajio.com/,https://www.ajio.com/s/mac-5175-72701
581,https://www.ajio.com/,https://www.ajio.com/s/dnmx-4354-76871
582,https://www.ajio.com/,https://www.ajio.com/s/men-skechers-collection
583,https://www.ajio.com/,https://www.ajio.com/s/trident-5159-48611
584,https://www.ajio.com/,https://www.ajio.com/s/decorative-pots-plates-and-jars-4720-51871
585,https://www.ajio.com/,https://www.ajio.com/s/gant-5061-69371
586,https://www.ajio.com/,https://www.ajio.com/men-sports-shoes/c/830207008
587,https://www.ajio.com/,https://www.ajio.com/b/netplay
588,https://www.ajio.com/,https://www.ajio.com/s/kitchen-tools-4720-51871
589,https://www.ajio.com/,https://www.ajio.com/s/hair-styling-5260-44721
590,https://www.ajio.com/,https://www.ajio.com/s/50-to-80-percent-off-5686-46941
591,https://www.ajio.com/,https://www.ajio.com/s/diwali-dress-5534-72431
592,https://www.ajio.com/,https://www.ajio.com/s/men-dnmx-brand
593,https://www.ajio.com/,https://www.ajio.com/s/min-50-percent-off-5686-463810
594,https://www.ajio.com/,https://www.ajio.com/s/romee-4720-51871
595,https://www.ajio.com/,https://asos.ajio.com/s/asos-5561-61451
596,https://www.ajio.com/,https://www.ajio.com/s/pl-upto-90-percent-off-5701-67981?ref=cmsBanner&sourcePage=jio ads lp&jioAdsSource=jioads - Hancock - 4464_116450_128255_313614_1_9capvhby97_1568464106
597,https://www.ajio.com/,https://www.ajio.com/s/min-40-percent-off-5686-46948
598,https://www.ajio.com/,https://www.ajio.com/s/pl-min-55-percent-off-5701-67982?ref=cmsBanner&sourcePage=jio ads lp&jioAdsSource=jioads - Nobero - 4464_116450_128250_313609_1_9capvhby97_1531944469
599,https://www.ajio.com/,https://www.ajio.com/s/hand-cream-5260-44721
600,https://www.ajio.com/,https://www.ajio.com/s/avaasa-5061-69371
601,https://www.ajio.com/,https://www.ajio.com/men-formal-shoes/c/830207007
602,https://www.ajio.com/,https://www.ajio.com/s/co-ord-sets-5644-60412
603,https://www.ajio.com/,https://www.ajio.com/toys-baby-care/c/8311
604,https://www.ajio.com/,https://www.ajio.com/s/bed-wedges-and-neck-pillows-4720-51871
605,https://www.ajio.com/,https://www.ajio.com/s/borosil-5159-48611
606,https://www.ajio.com/,https://www.ajio.com/s/women-footwear-crocs-brand
607,https://www.ajio.com/,https://www.ajio.com/s/hair-wax-5260-44721
608,https://www.ajio.com/,https://www.ajio.com/s/cushions-4720-51871
609,https://www.ajio.com/,https://www.ajio.com/s/40-to-70-percent-off-5686-46941
610,https://www.ajio.com/,https://www.ajio.com/mobikwik-tandc-faq
611,https://www.ajio.com/,https://www.ajio.com/c/830309
612,https://www.ajio.com/,https://www.ajio.com/s/lipstick-5260-44721
613,https://www.ajio.com/,https://www.ajio.com/s/international-brands-women
614,https://www.ajio.com/,https://www.ajio.com/s/ddecor-4720-51871
615,https://www.ajio.com/,https://www.ajio.com/s/la-verne-5159-48611
616,https://www.ajio.com/,https://www.ajio.com/s/diwali-sarees-5534-72431
617,https://www.ajio.com/,https://www.ajio.com/s/tommy-hilfiger-4042-53541
618,https://www.ajio.com/,https://www.ajio.com/s/skirts-and-shorts-5148-70761
619,https://www.ajio.com/,https://www.ajio.com/s/under-rs-599-5686-46381
620,https://www.ajio.com/,https://www.ajio.com/men-inner-wear/c/830211
621,https://www.ajio.com/,https://www.ajio.com/bankyes-ajio-tnc
622,https://www.ajio.com/,https://www.ajio.com/s/kids-marks-and-spencer-3783-54232
623,https://www.ajio.com/,https://www.ajio.com/shop/men
624,https://www.ajio.com/,https://www.ajio.com/s/puma-men-accessories
625,https://www.ajio.com/,https://www.ajio.com/s/photo-frames-4720-51871
626,https://www.ajio.com/,https://www.ajio.com/s/urban-magic-5159-48611
627,https://www.ajio.com/,https://www.ajio.com/s/starting-at-rs-149-5686-4751
628,https://www.ajio.com/,https://www.ajio.com/s/clothing-4461-74582
629,https://www.ajio.com/,https://www.ajio.com/s/jaipur-fabric-4720-51871
630,https://www.ajio.com/,https://www.ajio.com/s/marks-and-spencer-4720-51871
631,https://www.ajio.com/,https://www.ajio.com/s/40-to-80-percent-off-5399-784713
632,https://www.ajio.com/,https://www.ajio.com/s/lc-waikiki-5061-69371
633,https://www.ajio.com/,https://www.ajio.com/s/urban-space-5159-48611
634,https://www.ajio.com/,https://www.ajio.com/b/yousta
635,https://www.ajio.com/,https://www.ajio.com/my-account/refer-and-earn
636,https://www.ajio.com/,https://www.ajio.com/s/cushion-covers-4720-51871
637,https://www.ajio.com/,https://www.ajio.com/earn-and-burn
638,https://www.ajio.com/,https://www.ajio.com/women-kurtas/c/830303011
639,https://www.ajio.com/,https://www.ajio.com/s/lip-liner-5260-44721
640,https://www.ajio.com/,https://www.ajio.com/r1-relianceone
641,https://www.ajio.com/,https://www.ajio.com/help/whoweare
642,https://www.ajio.com/,https://www.ajio.com/s/the-indian-garage-co-5061-69371
643,https://www.ajio.com/,https://www.ajio.com/s/face-wash-5260-44721
644,https://www.ajio.com/,https://www.ajio.com/shop/women
645,https://www.ajio.com/,https://www.ajio.com/s/wknd-5061-69371
646,https://www.ajio.com/,https://www.ajio.com/s/men-accessories-brands
647,https://www.ajio.com/,https://www.ajio.com/b/gini-jony
648,https://www.ajio.com/,https://www.ajio.com/s/mothercare-4139-71311
649,https://www.ajio.com/,https://www.ajio.com/s/aapno-rajasthan-4720-51871
650,https://www.ajio.com/,https://www.ajio.com/s/exclusive-brands-5155-65971
651,https://www.ajio.com/,https://www.ajio.com/s/8-to-12-years-4867-45971
652,https://www.ajio.com/,https://www.ajio.com/men-casual-shoes/c/830207006
653,https://www.ajio.com/,https://www.ajio.com/s/rv-portico-5433-33401
654,https://www.ajio.com/,https://www.ajio.com/s/outryt-5061-69371
655,https://www.ajio.com/,https://www.ajio.com/s/adidas-kids-5469-47561
656,https://www.ajio.com/,https://www.ajio.com/c/biba-at-flat-60-percent-5701-40741
657,https://www.ajio.com/,https://www.ajio.com/s/starting-at-rs-289-5695-651?ref=cmsBanner&sourcePage=jio ads lp&jioAdsSource=jioads - Technosport - 4464_116450_128560_313944_1_9capvhby97_1485800202
658,https://www.ajio.com/,https://www.ajio.com/s/bath-4720-51871
659,https://www.ajio.com/,https://www.ajio.com/s/min-30-percent-off-5686-46385
660,https://www.ajio.com/,https://www.ajio.com/s/lee-cooper-5061-69371
661,https://www.ajio.com/,https://www.ajio.com/s/muji-5159-48611
662,https://www.ajio.com/,https://www.ajio.com/s/spaces-5159-48611
663,https://www.ajio.com/,https://www.ajio.com/s/bedding-sets-4720-51871
664,https://www.ajio.com/,https://www.ajio.com/s/ethnic-and-festive-collections
665,https://www.ajio.com/,https://www.ajio.com/s/buda-jeans-co-5062-62431
666,https://www.ajio.com/,https://www.ajio.com/s/exclusive-brands
667,https://www.ajio.com/,https://www.ajio.com/s/beauty-4384-57431
668,https://www.ajio.com/,https://www.ajio.com/s/cushions-and-pillows-4720-51871
669,https://www.ajio.com/,https://www.ajio.com/ajiocare-tnc
670,https://www.ajio.com/,https://www.ajio.com/s/ketch-5061-69371
671,https://www.ajio.com/,https://www.instagram.com/ajioluxe/
672,https://www.ajio.com/,https://www.ajio.com/men-night-lounge-wear/c/830212
673,https://www.ajio.com/,https://www.ajio.com/offer-paytm-page
674,https://www.ajio.com/,https://www.ajio.com/s/marks-spencer-5061-69371
675,https://www.ajio.com/,https://www.ajio.com/b/maybelline-new-york
676,https://www.ajio.com/,https://www.ajio.com/baby-sets/c/830401015
677,https://www.ajio.com/,https://www.ajio.com/s/luggage-and-trolleys-4875-38751
678,https://www.ajio.com/,https://www.ajio.com/b/scotch-soda
679,https://www.ajio.com/,https://luxe.ajio.com/s/ajio-luxe-5267-54231
680,https://www.ajio.com/,https://www.ajio.com/s/eye-cream-5260-44721
681,https://www.ajio.com/,https://www.ajio.com/s/cortina-4720-51871
682,https://www.ajio.com/,https://www.ajio.com/b/baggit
683,https://www.ajio.com/,https://www.pinterest.com/ajiolife/
684,https://www.ajio.com/,https://www.ajio.com/s/freedel-1592986895
685,https://www.ajio.com/,https://www.ajio.com/b/w
686,https://www.ajio.com/,https://www.ajio.com/s/shop-by-age-3844-11111
687,https://www.ajio.com/,https://www.ajio.com/s/pl-min-50-percent-off-5701-67984?ref=cmsBanner&sourcePage=jio ads lp&jioAdsSource=jioads - Crimsoune Club - 4464_116450_128248_313607_1_9capvhby97_643581263
688,https://www.ajio.com/,https://www.ajio.com/s/loreal-paris-5258-45621
689,https://www.ajio.com/,https://www.ajio.com/s/12-years-and-above-4867-45972
690,https://www.ajio.com/,https://www.ajio.com/s/luggage-trolleys-4873-71801
691,https://www.ajio.com/,https://www.ajio.com/s/brand-carlton-london
692,https://www.ajio.com/,https://www.ajio.com/s/min-35-percent-off-5686-46941
693,https://www.ajio.com/,https://www.ajio.com/s/koton-5061-69371
694,https://www.ajio.com/,https://www.ajio.com/s/min-40-percent-off-5686-46947
695,https://www.ajio.com/,https://www.ajio.com/s/netplay-4042-45201
696,https://www.ajio.com/,https://www.ajio.com/s/pillows-4720-51871
697,https://www.ajio.com/,https://www.ajio.com/s/ea7-emporio-armani-5566-72841
698,https://www.ajio.com/,https://www.ajio.com/s/athleisure-3683-44441
699,https://www.ajio.com/,https://www.ajio.com/s/min-40-percent-off-5686-469410
700,https://www.ajio.com/,https://www.ajio.com/s/allen-solly-5061-69371
701,https://www.ajio.com/,https://www.ajio.com/b/shein
702,https://www.ajio.com/,https://www.ajio.com/men-trousers-pants/c/830216004
703,https://www.ajio.com/,https://www.ajio.com/s/min-50-percent-off-5686-469410
704,https://www.ajio.com/,https://www.ajio.com/ajio-own-sale-policy
705,https://www.ajio.com/,https://www.ajio.com/s/tops-under-399
706,https://www.ajio.com/,https://www.ajio.com/women-jackets-shrugs/c/830309006
707,https://www.ajio.com/,https://www.ajio.com/s/fusion-kurtas-3650-1875
708,https://www.ajio.com/,https://www.ajio.com/s/lee-cooper-4696-69792
709,https://www.ajio.com/,https://www.ajio.com/s/uhpfeb15-upto-50-percent-off-5702-53471
710,https://www.ajio.com/,https://www.ajio.com/s/divine-casa-4720-51871
711,https://www.ajio.com/,https://www.ajio.com/s/8-to-12-years-4867-45972
712,https://www.ajio.com/,https://www.ajio.com/women-sweatshirts-hoodies/c/830316013
713,https://www.ajio.com/,https://www.ajio.com/s/campus-4042-45201
714,https://www.ajio.com/,https://www.ajio.com/s/under-rs-999-4445-76181
715,https://www.ajio.com/,https://www.ajio.com/s/5-to-8-years-4867-45972
716,https://www.ajio.com/,https://www.ajio.com/s/uhpfeb15-upto-55-percent-off-5702-53472
717,https://www.ajio.com/,https://www.ajio.com/s/jewellery-4461-75481
718,https://www.ajio.com/,https://www.ajio.com/s/men-allen-solly-4390-76941
719,https://www.ajio.com/,https://asos.ajio.com/s/asos-5561-61452
720,https://www.ajio.com/,https://www.ajio.com/capsule/newin
721,https://www.ajio.com/,https://www.ajio.com/s/boys-denims-trousers
722,https://www.ajio.com/,https://www.ajio.com/s/performax-5202-72361
723,https://www.ajio.com/,https://www.ajio.com/s/john-players-4042-45201
724,https://www.ajio.com/,https://www.ajio.com/s/min-70-percent-off-5686-46381
725,https://www.ajio.com/,https://www.ajio.com/s/uhp-min-60-percent-off-5687-58262
726,https://www.ajio.com/,https://www.ajio.com/mobikwik-tandc-upi-faq
727,https://www.ajio.com/,https://www.ajio.com/s/international-brands-men
728,https://www.ajio.com/,https://www.ajio.com/s/men-spykar-4390-76941
729,https://www.ajio.com/,https://www.ajio.com/b/enamor
730,https://www.ajio.com/,https://www.ajio.com/s/moisturisers-5260-44721
731,https://www.ajio.com/,https://www.ajio.com/s/trendyol-5061-69371
732,https://www.ajio.com/,https://www.ajio.com/s/westa-home-4694-46871
733,https://www.ajio.com/,https://www.ajio.com/men-sweatshirt-hoodies/c/830216011
734,https://www.ajio.com/,https://www.ajio.com/s/new300-5567-56041
735,https://www.ajio.com/,https://www.ajio.com/s/skechers-4042-53541
736,https://www.ajio.com/,https://www.ajio.com/women-leggings/c/830303001
737,https://www.ajio.com/,https://www.ajio.com/s/readymade-dhoti-5534-72431
738,https://www.ajio.com/,https://www.ajio.com/women-sports-shoes/c/830307010
739,https://www.ajio.com/,https://www.ajio.com/s/jaipur-kurti-4042-53541
740,https://www.ajio.com/,https://www.ajio.com/b/mcaffeine
741,https://www.ajio.com/,https://www.ajio.com/s/upto-50-percent-off-5705-74721
742,https://www.ajio.com/,https://www.ajio.com/s/min-40-percent-off-5705-74721
743,https://www.ajio.com/,https://www.ajio.com/s/min-60-percent-off-5686-46943
744,https://www.ajio.com/,https://www.ajio.com/men-backpacks/c/830201001
745,https://www.ajio.com/,https://tirabeauty.ajio.com/s/upto-45-percent-off-5705-74721
746,https://www.ajio.com/,https://www.ajio.com/s/clothing-4461-75481
747,https://www.ajio.com/,https://www.ajio.com/fee-payment-promotion-policy
748,https://www.ajio.com/,https://www.ajio.com/s/999-store-5159-48611
749,https://www.ajio.com/,https://www.ajio.com/s/caps-and-hats-4461-75481
750,https://www.ajio.com/,https://www.ajio.com/s/the-bear-house-5061-69371
751,https://www.ajio.com/,https://www.ajio.com/s/blankets-dohars-quilts-4720-51871
752,https://www.ajio.com/,https://www.ajio.com/s/latest-collections-4461-74581
753,https://www.ajio.com/,https://www.ajio.com/s/bags-and-wallets-4875-38751
754,https://www.ajio.com/,https://www.ajio.com/s/sandals-5149-55061
755,https://www.ajio.com/,https://www.ajio.com/s/new-balance-4399-46801
756,https://www.ajio.com/,https://www.ajio.com/s/co-ord-sets-5644-60413
757,https://www.ajio.com/,https://www.ajio.com/s/boys-outerwear
758,https://www.ajio.com/,https://www.ajio.com/s/boys-tshirts
759,https://www.ajio.com/,https://www.ajio.com/s/bakeware-4720-51871
760,https://www.ajio.com/,https://www.ajio.com/s/ishin-4042-53541
761,https://www.ajio.com/,https://www.ajio.com/b/red-tape
762,https://www.ajio.com/,https://www.ajio.com/s/mark-keith-4042-53541
763,https://www.ajio.com/,https://www.ajio.com/s/meyer-5159-48611
764,https://www.ajio.com/,https://www.ajio.com/s/hand-and-face-towels-4720-51871
765,https://www.ajio.com/,https://www.ajio.com/b/indie-picks
766,https://www.ajio.com/,https://www.ajio.com/shop/kids
767,https://www.ajio.com/,https://www.ajio.com/s/boys-collection-3844-11111
768,https://www.ajio.com/,https://www.ajio.com/s/bath-and-body-5258-35761
769,https://www.ajio.com/,https://www.ajio.com/toys%20&%20baby%20care-gaming-robot-vehicles/c/831101005
770,https://www.ajio.com/,https://www.ajio.com/s/uhpfeb15-upto-80-percent-off-5702-53473
771,https://www.ajio.com/,https://www.ajio.com/s/aarke-ritu-kumar-5061-69371
772,https://www.ajio.com/,https://www.ajio.com/women-flip-flop-slippers/c/830307001
773,https://www.ajio.com/,https://www.ajio.com/s/eoss-men-impulse-steal-bags
774,https://www.ajio.com/,https://www.ajio.com/s/pepe-jeans-5148-70761
775,https://www.ajio.com/,https://www.ajio.com/s/bathroom-organisers-4720-51871
776,https://www.ajio.com/,https://www.ajio.com/s/gold-and-diamond-jewellery-4469-70481
777,https://www.ajio.com/,https://www.ajio.com/s/plants-and-flowers-4720-51871
778,https://www.ajio.com/,https://www.ajio.com/s/lip-gloss-5260-44721
779,https://www.ajio.com/,https://www.ajio.com/shop/ajio-gold
780,https://www.ajio.com/,https://www.ajio.com/s/red-tape-5149-55061
781,https://www.ajio.com/,https://www.ajio.com/s/fresh-under-399
782,https://www.ajio.com/,https://www.ajio.com/s/curtain-and-accessories-4720-51871
783,https://www.ajio.com/,https://www.ajio.com/s/story-at-home-4720-51871
784,https://www.ajio.com/,https://www.ajio.com/s/shop-by-age-3844-11112
785,https://www.ajio.com/,https://www.ajio.com/s/lee-cooper-4697-78681
786,https://www.ajio.com/,https://www.ajio.com/s/fragrance-5239-53881
787,https://www.ajio.com/,https://www.ajio.com/shop/indie
788,https://www.ajio.com/,https://www.ajio.com/s/and-5061-69371
789,https://www.ajio.com/,https://www.ajio.com/s/sunscreen-5260-44721
790,https://www.ajio.com/,https://www.ajio.com/s/zivame-4042-53541
791,https://www.ajio.com/,https://www.ajio.com/s/bergner-5159-48611
792,https://www.ajio.com/,https://www.ajio.com/s/min-30-percent-off-5686-46946
793,https://www.ajio.com/,https://www.ajio.com/s/homefab-india-5159-48611
794,https://www.ajio.com/,https://www.ajio.com/s/jeans-and-jeggings-5448-50691
795,https://www.ajio.com/,https://www.ajio.com/s/min-40-percent-off-5686-469413
796,https://www.ajio.com/,https://www.ajio.com/s/stellar-home-5159-48611
797,https://www.ajio.com/,https://www.ajio.com/s/accessories-4461-75482
798,https://www.ajio.com/,https://www.ajio.com/s/table-covers-and-runners-4720-51871
799,https://www.ajio.com/,https://www.ajio.com/s/mirrors-4720-51871
800,https://www.ajio.com/,https://www.ajio.com/s/reebok-4042-45201
801,https://www.ajio.com/,https://www.ajio.com/s/deodrants-5260-44721
802,https://www.ajio.com/,https://www.ajio.com/s/aldo-5061-69371
803,https://www.ajio.com/,https://www.ajio.com/s/shampoo-5260-44721
804,https://www.ajio.com/,https://www.ajio.com/s/min-40-percent-off-5686-46383
805,https://www.ajio.com/,https://www.ajio.com/s/clarks-5061-69371
806,https://www.ajio.com/,https://www.ajio.com/s/uhp-min-70-percent-off-5687-58261
807,https://www.ajio.com/,https://www.ajio.com/s/adidas-4042-45202
808,https://www.ajio.com/,https://www.ajio.com/b/lakme
809,https://www.ajio.com/,https://www.ajio.com/s/up-to-70-percent-off-5686-46381
810,https://www.ajio.com/,https://www.ajio.com/s/emporio-armani-5061-69371
811,https://www.ajio.com/,https://www.ajio.com/privacypolicy
812,https://www.ajio.com/,https://www.ajio.com/b/mamaearth
813,https://www.ajio.com/,https://www.ajio.com/s/2-to-5-years-4867-45972
814,https://www.ajio.com/,https://www.ajio.com/s/whp-sunglasses-and-frames-4119-33681
815,https://www.amazon.in/,https://www.amazon.in/gp/new-releases/?ref_=nav_cs_newreleases
816,https://www.amazon.in/,https://www.amazon.in/Amazon-Custom/b/?ie=UTF8&node=32615889031&ref_=nav_cs_custom
817,https://www.amazon.in/,https://www.amazon.in/
818,https://www.amazon.in/,https://www.amazon.in/b/?node=2838698031&ld=AZINSOAYAFlyout&ref_=nav_AccountFlyout_sell
819,https://www.amazon.in/,https://www.amazon.in/b?ie=UTF8&node=1388921031
820,https://www.amazon.in/,https://www.amazon.in/ref=nav_logo
821,https://www.amazon.in/,https://www.amazon.in/gp/sva/dashboard?ref_=nav_cs_apay
822,https://www.amazon.in/,https://www.amazon.in/gp/history
823,https://www.amazon.in/,https://www.amazon.in/b?node=20982412031
824,https://www.amazon.in/,https://www.amazon.in/gp/css/returns/homepage.html?ref_=footer_hy_f_4
825,https://www.amazon.in/,https://www.amazon.in/#skippedLink
826,https://www.amazon.in/,https://www.amazon.in/Baby/b/?ie=UTF8&node=1571274031&ref_=nav_cs_baby
827,https://www.amazon.in/,https://www.amazon.in/b?node=1380374031
828,https://www.amazon.in/,https://www.amazon.in/Home-Improvement/b/?ie=UTF8&node=4286640031&ref_=nav_cs_hi
829,https://www.amazon.in/,https://www.amazon.in/fresh?ref_=nav_cs_fresh
830,https://www.amazon.in/,https://www.amazon.in/customer-preferences/country?ie=UTF8&preferencesReturnUrl=%2F&ref_=footer_icp_cp
831,https://www.amazon.in/,https://www.amazon.in/hz/wishlist/ls?requiresSignIn=1&ref_=nav_AccountFlyout_wl
832,https://www.amazon.in/,https://www.amazon.in/discover/?ref_=nav_ListFlyout_sbl
833,https://www.amazon.in/,https://www.amazon.in/Home-Kitchen/b/?ie=UTF8&node=976442031&ref_=nav_cs_home
834,https://www.amazon.in/,https://www.amazon.in/b?node=1375427031
835,https://www.amazon.in/,https://www.amazon.in/Car-Motorbike-Store/b/?ie=UTF8&node=4772060031&ref_=nav_cs_automotive
836,https://www.amazon.in/,javascript:void(0)
837,https://www.amazon.in/,https://www.amazon.in/gp/help/customer/display.html?nodeId=201083470&ref_=footer_swc
838,https://www.amazon.in/,https://www.amazon.in/wishlist/universal?ref_=nav_ListFlyout_gno_listpop_uwl
839,https://www.amazon.in/,https://www.amazon.in/health-and-personal-care/b/?ie=UTF8&node=1350384031&ref_=nav_cs_hpc
840,https://www.amazon.in/,https://www.amazon.in/gp/help/customer/display.html?nodeId=200545940&ref_=footer_cou
841,https://www.amazon.in/,https://www.amazon.in/b/32702023031?node=32702023031&ld=AZINSOANavDesktop_T3&ref_=nav_cs_sell_T3
842,https://www.amazon.in/,https://www.amazon.in/gp/browse.html?node=6967393031&ref_=footer_mobapp
843,https://www.amazon.in/,https://www.amazon.in/music/prime?ref=footer_apm
844,https://www.amazon.in/,https://www.amazon.in/showroom?ref_=nav_ListFlyout_srm_your_desk_wl_in
845,https://www.amazon.in/,https://www.amazon.in/baby-reg/homepage?ref_=nav_ListFlyout_gno_listpop_br
846,https://www.amazon.in/,https://www.amazon.in/gp/yourstore?ref_=nav_AccountFlyout_recs
847,https://www.amazon.in/,https://www.amazon.in/b?node=1375424031
848,https://www.amazon.in/,https://www.amazon.in/b?node=1380510031
849,https://www.amazon.in/,https://www.amazon.in/Pet-Supplies/b/?ie=UTF8&node=2454181031&ref_=nav_cs_pets
850,https://www.amazon.in/,https://affiliate-program.amazon.in/?utm_campaign=assocshowcase&utm_medium=footer&utm_source=GW&ref_=footer_assoc
851,https://www.amazon.in/,https://www.amazon.in/Audible-Books-and-Originals/b/?ie=UTF8&node=17941593031&ref_=nav_cs_audible
852,https://www.amazon.in/,https://www.amazon.in/business/register/org/landing?ref_=nav_ya_flyout_b2b_reg_bottom_create
853,https://www.amazon.in/,https://www.amazon.in/video-games/b/?ie=UTF8&node=976460031&ref_=nav_cs_video_games
854,https://www.amazon.in/,https://www.abebooks.com/
855,https://www.amazon.in/,https://sell.amazon.in/grow-your-business/amazon-global-selling.html?ld=AZIN_Footer_V1&ref=AZIN_Footer_V1
856,https://www.amazon.in/,https://www.amazon.in/business?ref=footer_aingw
857,https://www.amazon.in/,https://www.amazon.in/b/?_encoding=UTF8&node=1389401031
858,https://www.amazon.in/,https://www.amazon.in/b/?node=2838698031&ld=AZINSOANavDesktopFooter_C&ref_=nav_footer_sell_C
859,https://www.amazon.in/,https://www.amazon.in/hz/mycd/myx?pageType=content&ref_=nav_AccountFlyout_myk
860,https://www.amazon.in/,https://www.amazon.in/now?ref=footer_amznow
861,https://www.amazon.in/,https://www.amazon.in/gp/help/customer/display.html?nodeId=200534380&ref_=footer_privacy
862,https://www.amazon.in/,https://services.amazon.in/services/fulfilment-by-amazon/benefits.html/ref=az_footer_fba?ld=AWRGINFBAfooter
863,https://www.amazon.in/,https://www.amazon.in/Toys-Games/b/?ie=UTF8&node=1350380031&ref_=nav_cs_toys
864,https://www.amazon.in/,https://www.amazon.in/ap/signin?openid.mode=checkid_setup&openid.ns=http%3A%2F%2Fspecs.openid.net%2Fauth%2F2.0&openid.return_to=https%3A%2F%2Fwww.amazon.in%2Fref%3Drhf_sign_in&openid.assoc_handle=inflex&openid.pape.max_auth_age=0
865,https://www.amazon.in/,https://press.aboutamazon.in/?utm_source=gateway&utm_medium=footer
866,https://www.amazon.in/,https://www.amazon.in/customer-preferences/edit?ie=UTF8&preferencesReturnUrl=%2F&ref_=footer_lang
867,https://www.amazon.in/,https://www.amazonpay.in/merchant
868,https://www.amazon.in/,https://www.amazon.in/b/?node=6802110031
869,https://www.amazon.in/,https://www.amazon.in/b?node=1380442031
870,https://www.amazon.in/,https://www.amazon.in/b?node=1380485031
871,https://www.amazon.in/,https://www.amazon.in/gp/css/order-history?ref_=nav_AccountFlyout_orders
872,https://www.amazon.in/,https://www.amazon.in/b?node=10894223031&ref=INALGW
873,https://www.amazon.in/,https://www.amazon.in/customer-preferences/edit?ie=UTF8&preferencesReturnUrl=%2F&ref_=topnav_lang
874,https://www.amazon.in/,https://www.amazon.in/beauty/b/?ie=UTF8&node=1355016031&ref_=nav_cs_beauty
875,https://www.amazon.in/,https://www.amazon.in/your-product-safety-alerts?ref_=footer_bsx_ypsa
876,https://www.amazon.in/,https://www.amazon.in/ap/register?openid.mode=checkid_setup&openid.ns=http%3A%2F%2Fspecs.openid.net%2Fauth%2F2.0&openid.return_to=https%3A%2F%2Fwww.amazon.in%2Fref%3Drhf_sign_in&openid.assoc_handle=inflex
877,https://www.amazon.in/,https://www.amazon.in/b/?node=976442031
878,https://www.amazon.in/,https://www.aboutamazon.in/?utm_source=gateway&utm_medium=footer
879,https://www.amazon.in/,https://www.amazon.in/hz/wishlist/ls?triggerElementID=createList&ref_=nav_ListFlyout_navFlyout_createList_lv_redirect
880,https://www.amazon.in/,https://www.amazon.in/s?hidden-keywords=B0792KTHKK%7CB0725W7Q38%7CB0794JD9JS%7CB01J6A7FGQ%7CB0793HNP9Z%7CB0791YHVMK%7CB079QQZZJK%7CB07FRJTZ4T%7CB077454Z99%7CB06XDBNSCP%7CB07C9L72VC&ref=nb_sb_noss
881,https://www.amazon.in/,https://brandservices.amazon.in/?ref=AOINABRLGNRFOOT&ld=AOINABRLGNRFOOT
882,https://www.amazon.in/,https://www.amazon.science
883,https://www.amazon.in/,https://supply.amazon.com/?ref_=footer_sta&lang=en-IN
884,https://www.amazon.in/,https://www.amazon.in/gp/css/homepage.html?ref_=footer_ya
885,https://www.amazon.in/,https://www.amazon.in/gift-card-store/b/?ie=UTF8&node=3704982031&ref_=nav_cs_gc
886,https://www.amazon.in/,https://www.amazon.in/gp/redirect.html?location=https://www.instagram.com/amazondotin&token=264882C912E9D005CB1D9B61F12E125D5DF9BFC7&source=standards
887,https://www.amazon.in/,https://advertising.amazon.in/?ref=Amz.in
888,https://www.amazon.in/,https://www.amazon.in/Books/b/?ie=UTF8&node=976389031&ref_=nav_cs_books
889,https://www.amazon.in/,https://www.amazon.in/gp/help/customer/display.html?nodeId=200507590&ref_=nav_cs_help
890,https://www.amazon.in/,javascript: void(0)
891,https://www.amazon.in/,https://www.amazon.in/gp/redirect.html/ref=footer_twitter?location=http://twitter.com/AmazonIN&token=A309DFBFCB1E37A808FF531934855DC817F130B6&6
892,https://www.amazon.in/,https://www.amazon.in/Gourmet-Specialty-Foods/b/?ie=UTF8&node=2454178031&ref_=nav_cs_grocery
893,https://www.amazon.in/,https://accelerator.amazon.in/?ref_=map_1_b2b_GW_FT
894,https://www.amazon.in/,https://www.amazon.in/gp/cart/view.html?ref_=nav_cart
895,https://www.amazon.in/,https://www.amazon.in/b?node=12414705031
896,https://www.amazon.in/,https://www.amazon.in/auto-deliveries?ref_=nav_AccountFlyout_sns
897,https://www.amazon.in/,https://www.amazon.in/minitv?ref_=nav_avod_desktop_topnav
898,https://www.amazon.in/,https://www.amazon.in/hz5/yourmembershipsandsubscriptions?ref_=nav_AccountFlyout_digital_subscriptions
899,https://www.amazon.in/,https://aws.amazon.com/what-is-cloud-computing/?sc_channel=EL&sc_campaign=IN_amazonfooter
900,https://www.amazon.in/,https://www.amazon.in/mobile-phones/b/?ie=UTF8&node=1389401031&ref_=nav_cs_mobiles
901,https://www.amazon.in/,https://www.amazon.in/b?node=1374357031
902,https://www.amazon.in/,https://www.amazon.in/electronics/b/?ie=UTF8&node=976419031&ref_=nav_cs_electronics
903,https://www.amazon.in/,https://www.amazon.in/gp/css/order-history?ref_=nav_orders_first
904,https://www.amazon.in/,https://www.amazon.in/gp/bestsellers/?ref_=nav_cs_bestsellers
905,https://www.amazon.in/,https://www.amazon.in/Sports/b/?ie=UTF8&node=1984443031&ref_=nav_cs_sports
906,https://www.amazon.in/,https://www.amazon.in/gp/redirect.html?location=https%3A%2F%2Fwww.primevideo.com%2F%3Fref_%3D_apv&source=nav_linktree&token=13D4F90D28CD96790B94E6091246BB1B2AE9FA05
907,https://www.amazon.in/,https://www.amazon.in/deals?ref_=nav_cs_gb
908,https://www.amazon.in/,https://www.amazon.in/Kindle-eBooks/b/?ie=UTF8&node=1634753031&ref_=nav_cs_kindle_books
909,https://www.amazon.in/,https://www.audible.in/
910,https://www.amazon.in/,https://www.imdb.com/
911,https://www.amazon.in/,https://www.amazon.in/b/?node=6648217031
912,https://www.amazon.in/,https://www.amazon.in/computers-and-accessories/b/?ie=UTF8&node=976392031&ref_=nav_cs_pc
913,https://www.amazon.in/,https://www.amazon.in/gp/redirect.html/ref=footer_fb?location=http://www.facebook.com/AmazonIN&token=2075D5EAC7BB214089728E2183FD391706D41E94&6
914,https://www.amazon.in/,https://amazon.jobs
915,https://www.amazon.in/,https://www.amazon.in/ref=footer_logo
916,https://www.amazon.in/,https://www.amazon.in/gp/browse.html?node=6648217031&ref_=nav_cs_fashion
917,https://www.amazon.in/,https://www.shopbop.com/
918,https://www.amazon.in/,https://www.amazon.in/gp/css/homepage.html?ref_=nav_AccountFlyout_ya
919,https://www.amazon.in/,https://www.amazon.in/gp/help/customer/display.html?nodeId=202075050&ref_=footer_iba
920,https://www.amazon.in/,https://www.amazon.in/gp/primecentral?ref_=nav_AccountFlyout_prime
921,https://www.amazon.in/,https://www.amazon.in/gcx/-/gfhz/?ref_=nav_cs_giftfinder
922,https://www.amazon.in/,https://www.amazon.in/prime?ref_=nav_cs_primelink_nonmember
923,https://www.amazon.in/,https://www.amazon.in/auto-deliveries/landing?ref_=nav_cs_sns
924,https://www.amazon.in/,https://www.amazon.in/gp/help/customer/display.html?nodeId=200507590&ref_=footer_gw_m_b_he
925,https://www.amazon.in/,https://www.amazon.in/b/?node=6637738031&ref_=nav_cs_amazonbasics
926,https://www.amazon.in/,https://www.amazon.in/b?node=1375248031
